id,username,created_at,total_likes
52,Zack_Kemmer93,"2017-01-01 05:58:22",85
33,Yvette.Gottlieb91,"2016-11-14 12:32:01",77
37,Yazmin_Mills95,"2016-07-27 00:56:44",84
93,Willie_Leuschke,"2017-02-15 01:40:53",91
6,Travon.Waters,"2017-04-30 13:26:14",82
97,Tomas.Beatty93,"2017-02-11 11:38:55",69
8,Tabitha_Schamberger11,"2016-08-20 02:19:46",79
44,Seth46,"2016-07-07 11:40:27",86
60,Sam52,"2017-03-30 22:03:45",86
21,Rocio33,"2017-01-23 11:51:15",257
87,Rick29,"2017-02-24 11:25:08",92
62,Ressie_Stanton46,"2016-12-20 15:09:09",88
40,Rafael.Hickle2,"2016-05-19 09:51:26",85
10,Presley_McClure,"2016-08-07 16:25:49",87
56,Peter.Stehr0,"2016-08-22 18:05:42",81
36,Ollie_Ledner37,"2016-08-04 15:42:20",257
18,Odessa2,"2016-10-21 18:16:56",82
17,Norbert_Carroll35,"2017-02-06 22:05:43",78
95,Nicole71,"2016-05-09 17:30:22",86
71,Nia_Haag,"2016-05-14 15:38:50",257
85,Milford_Gleichner42,"2017-04-30 07:50:51",87
66,Mike.Auer39,"2016-07-01 17:36:15",257
55,Meggie_Doyle,"2017-04-04 12:17:34",78
41,Mckenna17,"2016-07-17 17:25:45",257
42,Maya.Farrell,"2016-12-11 18:04:45",87
24,Maxwell.Halvorson,"2017-04-18 02:32:44",257
46,Malinda_Streich,"2016-07-09 21:37:08",88
75,Leslie67,"2016-09-21 05:14:01",257
35,Lennie_Hartmann40,"2017-03-30 03:25:22",92
22,Kenneth64,"2016-12-27 09:48:17",91
39,Kelsi26,"2016-06-08 17:48:08",89
96,Keenan.Schamberger60,"2016-08-28 14:57:28",98
72,Kathryn80,"2016-10-11 09:01:57",85
79,Katarina.Dibbert,"2016-11-03 13:14:11",75
69,Karley_Bosco,"2016-06-24 23:38:52",97
30,Kaley9,"2016-09-23 21:24:20",81
11,Justina.Gaylord27,"2017-05-04 16:32:16",89
57,Julien_Schmidt,"2017-02-02 23:12:48",257
26,Josianne.Friesen,"2016-06-07 12:47:01",94
38,Jordyn.Jacobson2,"2016-05-14 07:56:26",85
61,Jayson65,"2016-10-14 19:10:53",83
73,Jaylan.Lakin,"2016-06-10 23:58:52",86
100,Javonte83,"2017-03-27 22:06:37",82
43,Janet.Armstrong,"2016-10-06 07:57:44",86
76,Janelle.Nikolaus81,"2016-07-21 09:26:09",257
14,Jaclyn81,"2017-02-06 23:29:16",257
32,Irwin.Larson,"2016-08-26 19:36:22",91
98,Imani_Nicolas17,"2017-01-31 22:59:34",74
47,Harrison.Beatty50,"2016-09-02 03:48:38",76
3,Harley_Lind18,"2017-02-21 11:12:33",79
19,Hailee26,"2017-04-29 18:53:40",90
9,Gus93,"2016-06-24 19:36:31",85
48,Granville_Kutch,"2016-06-26 03:10:22",75
50,Gerard79,"2016-08-23 19:47:44",81
92,Frederik_Rice,"2016-07-06 21:56:29",91
70,Erick5,"2017-04-05 23:44:47",88
67,Emilio_Bernier52,"2016-05-06 13:04:30",86
63,Elenor88,"2016-05-08 01:30:41",83
54,Duane60,"2016-12-21 04:43:38",257
12,Dereck65,"2017-01-19 01:34:14",77
20,Delpha.Kihn,"2016-08-31 02:42:30",87
27,Darwin29,"2017-03-18 03:10:07",79
28,Dario77,"2016-08-18 07:15:03",77
94,Damon35,"2016-10-31 14:44:27",84
78,Colten.Harris76,"2016-10-10 02:38:53",83
15,Billy52,"2016-10-05 14:10:20",84
91,Bethany20,"2016-06-03 23:31:53",257
4,Arely_Bogan63,"2016-08-13 01:28:43",93
82,Aracely.Johnston98,"2016-07-25 18:49:10",84
16,Annalise.McKenzie16,"2016-08-02 21:32:46",103
5,Aniya_Hackett,"2016-12-07 01:04:39",257
2,Andre_Purdy85,"2017-04-02 17:11:21",94
84,Alysa22,"2017-01-01 17:44:43",75
13,Alexandro35,"2017-03-29 17:09:02",93
99,Alek_Watsica,"2016-12-10 07:43:58",74
31,Aiyana_Hoeger,"2016-09-29 20:28:12",88
65,Adelle96,"2016-10-01 00:37:57",96
